Model,N_Observations,Df_Model,Log_Likelihood,LL_Null,LLR_p_value,AIC,BIC,Pseudo_R2
Modelo 5 — Estabilidade e Benefícios,1470,24,-491.033437636784,-649.2913504565374,7.805405802025403e-53,1032.066875273568,1164.3923172678876,0.2437394441008297
Modelo 6 — Perfil Pessoal,1470,24,-492.1316689675748,-649.2913504565374,2.169239840325431e-52,1034.2633379351496,1166.5887799294692,0.24204801338945703
Modelo 1 — Função Profissional,1470,26,-492.18719603956913,-649.2913504565374,3.011006593215176e-51,1038.3743920791383,1181.2858694330034,0.24196249388891966
Modelo 4 — Trajetória Organizacional,1470,22,-496.8638430478012,-649.2913504565374,1.2638736707568014e-51,1039.7276860956024,1161.4670927303764,0.23475979974407424
Modelo 2 — Nível Hierárquico,1470,22,-503.0291691751892,-649.2913504565374,3.992322815672107e-49,1052.0583383503786,1173.7977449851523,0.22526433037881466
Modelo 3 — Faixa Salarial,1470,21,-507.1187186758459,-649.2913504565374,4.813156463536567e-48,1058.2374373516918,1174.683826306693,0.21896584896861082
Modelo 7 — Reduzido Conservador,1470,18,-542.3754925204157,-649.2913504565374,1.6876333655039094e-35,1122.7509850408314,1223.3183209565143,0.16466545852019399
