Model,N_Observations,Df_Model,Log_Likelihood,LL_Null,LLR_p_value,AIC,BIC,Pseudo_R2
Modelo 8 — Integrado Multidimensional,1470,43,-424.05157096307636,-649.2913504565374,2.543398572236746e-69,936.1031419261527,1168.995919836155,0.34690093951673284
Modelo 2 — Nível Hierárquico e Benefícios,1470,25,-472.80235972958945,-649.2913504565374,1.2075792432839308e-59,997.6047194591789,1135.2231791332713,0.2718178682079362
Modelo 6 — Perfil Pessoal e Condições de Trabalho,1470,24,-489.49962883886826,-649.2913504565374,1.8708595546492344e-53,1028.9992576777365,1161.324699672056,0.24610172537384722
Modelo 1 — Função Profissional Misto,1470,26,-488.06391707296456,-649.2913504565374,6.6390400523040655e-53,1030.1278341459292,1173.0393114997942,0.24831292342060118
Modelo 4 — Experiência Profissional,1470,19,-506.77315825305135,-649.2913504565374,2.3063456462008067e-49,1053.5463165061028,1159.4066701015583,0.21949806062144062
Modelo 3 — Rendimento Quantitativo,1470,19,-512.8680996155647,-649.2913504565374,7.076041203620551e-47,1065.7361992311294,1171.5965528265851,0.2101109936934309
Modelo 5 — Antiguidade Organizacional,1470,20,-518.2258994296974,-649.2913504565374,4.0482429119062204e-44,1078.4517988593948,1189.6051701346232,0.201859228426012
Modelo 7 — Reduzido Conservador Misto,1470,18,-539.1648567677277,-649.2913504565374,8.604242826597543e-37,1116.3297135354553,1216.8970494511382,0.16961028914273435
