Model,N_Observations,Df_Model,Log_Likelihood,LL_Null,LLR_p_value,AIC,BIC,Pseudo_R2
Modelo 1 — Experiência e Remuneração,1470,5,-611.8339492969272,-649.2913504565374,9.691706587841547e-15,1235.6678985938545,1267.4260046724912,0.05768966602323089
Modelo 2 — Idade e Experiência,1470,5,-612.1048165885879,-649.2913504565374,1.2572841388509933e-14,1236.2096331771759,1267.9677392558126,0.05727249229764486
Modelo 4 — Reduzido Conservador,1470,5,-612.4226417286852,-649.2913504565374,1.706162470985432e-14,1236.8452834573704,1268.6033895360072,0.05678299688102828
Modelo 3 — Antiguidade Organizacional,1470,5,-618.7626659581591,-649.2913504565374,7.347600187757273e-12,1249.5253319163182,1281.283437994955,0.04701846786794961
