Attrition,proportion
No,0.8387755102040816
Yes,0.16122448979591836
